"GivenName","MiddleInitial","Surname","StreetAddress","Gender","City","State","ZipCode","Country","TelephoneNumber","Birthday","Password"
"Robert","S","Atwood","1443 Bloomfield Way","male","Gray","ME","04039","US","207-657-8355","11/9/1975","MiQu9soogae"
"Jimmy","S","Stivers","4936 Upton Avenue","male","Belfast","ME","04915","US","207-930-1125","12/22/1978","eiF9fah7ph"
"Thomas","S","Oliveira","1858 Fantages Way","male","South Portland","ME","04106","US","207-759-7957","12/2/1982","eeKae1Aey1o"
"Gertrudis","A","Leon","3433 Fantages Way","female","Portland","ME","04101","US","207-686-8598","6/13/1969","Lee8noWah"
"Debroah","E","Parnell","3282 Bloomfield Way","female","Standish","ME","04084","US","207-642-2676","7/28/1960","Oogei2aido"
"Marian","B","Barlow","103 Hedge Street","female","Red Bank","NJ","07701","US","908-650-7538","8/22/1965","Sohxolaek9"
"Dorothy","C","Dick","4449 Williams Mine Road","female","Bedminster","NJ","07921","US","908-306-8952","1/26/1965","LaizaiK5ae"
"Dominic","R","Lee","3446 Walnut Avenue","male","Newark","NJ","07102","US","201-542-0113","2/11/1997","dep4Ooroh"
"Jeffrey","C","Bulloch","2693 Dark Hollow Road","male","Pennsauken","NJ","08110","US","609-248-7594","3/18/1971","Aik2hev4gob8V"
"Michael","S","Gray","2281 Valley Street","male","Camden","NJ","08102","US","856-759-0288","10/4/1984","eith6Phi4"
"Orlando","K","Clarke","1342 Freshour Circle","male","Groveland","CA","95321","US","209-962-6698","5/11/1955","hi6hooYai"
"Wayne","M","Davis","3583 Woodland Terrace","male","Sacramento","CA","95814","US","916-996-7926","11/12/1990","Phaikeiloh7"
"Andrea","J","Spencer","3696 Brookview Drive","female","Santa Clara","CA","95054","US","408-981-6220","1/29/1966","fuiPh9ahth"
"Patrick","S","Clancy","94 Hamill Avenue","male","San Diego","CA","92111","US","858-434-0532","6/6/1961","UWei2riev"
"Juanita","D","Campbell","281 Half and Half Drive","female","Riverdale","CA","93656","US","559-867-5090","12/28/1977","ayoo1zuX"
"Belinda","T","Boman","1724 Burke Street","female","Norwood","MA","02062","US","781-255-6261","2/22/1963","ush7aiVai"
"Jennifer","D","Flores","98 Trouser Leg Road","female","Springfield","MA","01105","US","413-841-7038","9/2/1998","thohSh3Chie"
"Roxanne","J","Gilbert","834 Russell Street","female","Lowell","MA","01852","US","978-937-5503","2/5/1976","Oxi5rahru"
"Michelle","W","Hanlon","1573 Joanne Lane","female","Boston","MA","02110","US","978-513-2729","7/6/1985","shoop4ooYoh"
"Kevin","M","McCann","1150 Hilltop Street","male","Northadams","MA","01247","US","413-662-5165","1/14/1961","teidee2Qu"
"Ronald","T","Gray","1680 Fannie Street","male","San Angelo","TX","76903","US","979-210-3838","1/15/1973","tu4OopaeKo7"
"Chris","R","Kim","1284 Mulberry Street","male","Conroe","TX","77301","US","936-709-4610","3/10/1990","reiQuu5S"
"Earl","S","Regan","3627 Mulberry Street","male","Nacogdoches","TX","75964","US","936-635-9120","12/26/1988","ekaGei6oh"
"Luanne","G","Shelby","1567 Margaret Street","female","Houston","TX","77587","US","713-946-4995","1/26/1980","Zee7ek0ach"
"Mary","J","Vance","3683 Payne Street","female","Houston","TX","77002","US","281-203-0721","7/11/1989","Shaichoh9"
"Glen","R","Goodlow","2639 Orphan Road","male","Appleton","WI","54911","US","715-942-1378","3/16/1991","Kahp3ohhu"
"Gladys","A","Oakley","3834 Rockford Mountain Lane","female","Appleton","WI","54911","US","920-247-0585","12/25/1951","Aith2ieg"
"George","D","Martin","2187 Whaley Lane","male","Milwaukee","WI","53203","US","262-436-1083","12/28/1985","gai5vae3Oo"
"Teresa","R","Smith","1490 Lauren Drive","female","South Wayne","WI","53587","US","608-439-4501","12/9/1963","sha4Eit8m"
"David","K","Moore","892 Highland Drive","male","Milwaukee","WI","53202","US","920-645-4504","11/3/1974","fu4Bai5yai"
"Martha","M","Graham","2635 West Virginia Avenue","female","Colonie","NY","12205","US","518-881-8291","2/27/1977","thie8Eh7g"
"Suzette","D","Boyd","1729 Long Street","female","New York","NY","10013","US","347-967-6227","9/29/1981","Aekee7emoof"
"Lynne","R","McGuire","1467 Longview Avenue","female","Bellerose","NY","11426","US","718-600-0003","5/28/1957","Ujiphoh1shoh"
"Hazel","J","Whitaker","3293 Godfrey Road","female","New York","NY","10004","US","212-552-1057","3/22/1991","Yapuidad8Ax"
"Vernon","N","Blizzard","857 West Virginia Avenue","male","Delmar","NY","12054","US","518-969-5764","10/10/1954","cahd9raThe"
"Kelly","P","Davis","1055 Lang Avenue","female","West Valley City","UT","84119","US","435-921-4104","12/9/1990","ahc7cie3Qu"
"Elbert","K","Miller","4 Burnside Avenue","male","Brigham City","UT","83402","US","435-729-8774","8/24/1980","AeMohgohvi9"
"Michael","D","Pierson","2043 Kemper Lane","male","West Valley City","UT","84120","US","801-896-5314","2/8/1958","maep8Eeyoh3"
"Margaret","R","Lopez","2911 Kemper Lane","female","Salt Lake City","UT","84111","US","801-813-0940","6/1/1957","Eihoi1IeZ"
"Catherine","J","Turner","871 Philadelphia Avenue","female","Salt Lake City","UT","84104","US","801-330-6625","11/14/1958","xaeXahGho1o"
"Matthew","R","Haney","4297 Gladwell Street","male","Memphis","TN","38133","US","901-870-6757","2/4/1986","SohgooGh6ai"
"Rebecca","S","Stewart","2713 McDowell Street","female","Nashville","TN","37211","US","931-320-5866","11/18/1978","hee2toe7Gei"
"Gladys","J","Roberts","2174 Melville Street","female","Yorkville","TN","38389","US","731-333-7303","8/22/1970","oseeng8Ung"
"Cecilia","C","Nicholas","1487 Wilkinson Street","female","Nashville","TN","37201","US","615-467-3316","2/16/1979","woh4EiRau"
"Freddie","J","Armstrong","1437 Nixon Avenue","female","Middlesboro","TN","40965","US","423-249-2993","9/9/1971","cee5ooPaeg3"
"Priscilla","R","Barrett","3097 Chestnut Street","female","Tampa","FL","33634","US","727-481-3515","7/26/1995","Xaev9aiWohx"
"Francisco","J","Taylor","1446 Red Bud Lane","male","Polk City","FL","33868","US","863-206-0425","7/29/1961","ye4coo3OQu9"
"Holly","T","Lund","4344 Elkview Drive","female","Vero Beach","FL","32960","US","772-299-1488","12/25/1994","in8zoNg0oB"
"Kelly","B","Caldwell","221 Everette Alley","female","Ft Lauderdale","FL","33311","US","954-821-3160","2/2/1968","ieb3Shegh"
"James","B","Reeves","3614 Woodside Circle","male","Fort Walton Beach","FL","32547","US","850-862-1976","9/22/1967","Eopueph7gue3"
"Scott","V","Aponte","1763 University Street","male","Seattle","WA","98121","US","206-404-7233","9/29/1988","foo7Uipoh"
"Cathy","M","Padilla","3434 Elliot Avenue","female","Seattle","WA","98109","US","206-648-1387","1/14/1991","Mo6tahg8ahz"
"Seth","A","Moore","645 Hill Haven Drive","male","Seattle","WA","98161","US","253-987-5119","10/2/1956","Eequu6ahgai"
"Brandy","C","Johnson","1667 Hillcrest Drive","female","Seattle","WA","98109","US","253-298-4006","4/6/1975","jeobax8Meed"
"Jennifer","S","Beeler","3464 Calico Drive","female","St John","WA","99171","US","509-648-8010","11/24/1966","nooHoh2ae"
"Robert","I","Chase","1078 Kembery Drive","male","Schaumburg","IL","60173","US","630-542-4077","12/16/1962","ve6eeKie"
"Carol","M","Alvarado","4119 Eagle Street","female","Fairview Heights","IL","62208","US","618-361-7864","5/17/1998","Mies4sah"
"Adrianne","J","Lee","4985 Farland Street","female","Bensenville","IL","60106","US","773-967-4763","5/18/1990","Rash3joo6"
"Fred","L","Page","3760 Millbrook Road","male","Wheeling","IL","60090","US","630-793-2227","11/27/1974","aoquo9eiZi"
"Larry","V","Bass","860 Cherry Camp Road","male","Hickory Hills","IL","60457","US","773-497-7382","3/25/1968","sai4eep9Aal"
"Betty","M","Villalon","4706 Kuhl Avenue","female","Atlanta","GA","30312","US","678-628-0024","5/5/1985","ze8uaboiqui2Oh"
"Sheryl","J","Dodd","4610 Smith Road","female","Lilburn","GA","30247","US","770-925-3061","6/17/1985","ooZaeGh5ph"
"Beverly","R","McGuire","2771 Layman Court","female","Atlanta","GA","30328","US","678-328-7940","8/23/1957","Datur5Ieth"
"Robert","K","Throop","1844 Smith Road","male","Panola","GA","30058","US","770-981-8925","10/7/1962","kah5Rahbee"
"Steve","P","Harper","437 Hanifan Lane","male","Marietta","GA","30064","US","678-581-7108","12/24/1975","eelohqu3daGh"
"Mary","E","Ferguson","565 Bedford Street","female","Wallingford","CT","06492","US","203-949-0702","12/23/1994","eeC9ufoo9Ah"
"Gary","K","Atkin","2453 Lochmere Lane","male","Stamford","CT","06995","US","860-471-9453","7/5/1983","yePahsh6"
"Cory","S","Johnson","1735 Raoul Wallenberg Place","male","Danbury","CT","06810","US","203-825-8766","11/12/1993","sae2Ou8ah"
"Arthur","P","Bell","2233 Lochmere Lane","male","Hartford","CT","06103","US","860-392-2193","5/8/1981","UTh8eeSh"
"Antonio","K","Evans","3084 Copperhead Road","male","Windsor","CT","06095","US","860-670-4180","5/13/1990","Im3moh2ah"
"Charity","T","Fuller","1162 Michigan Avenue","female","Pittsburgh","PA","15222","US","724-623-5432","12/4/1952","taeN8Iem1sh"
"George","M","Martinez","1256 Harley Brook Lane","male","Altoona","PA","16601","US","814-555-7469","2/28/1954","boh8leiHah"
"Lea","B","Licata","4580 Carriage Lane","female","Marshalls Creek","PA","18335","US","570-223-4523","10/12/1977","Aihoh6Bu"
"Jackie","M","Vega","4863 Tree Top Lane","female","Northampton","PA","18067","US","610-262-7815","3/29/1966","yaish3Nahg"
"Mathew","J","Broussard","4328 Deercove Drive","male","Philadelphia","PA","19107","US","215-216-1100","10/26/1989","taDeis1Go"
"Linda","J","Sanders","215 Meadow Drive","female","Oklahoma City","OK","73107","US","405-946-1471","6/5/1997","mes1Ae4oo"
"Donald","E","Hurst","359 Hott Street","male","Chickasha","OK","73018","US","405-638-1105","3/31/1969","Aib9neikee6"
"Randy","W","Smith","1550 Philli Lane","male","Dewey","OK","74029","US","918-534-3485","12/8/1995","Vaht6Afah"
"Angela","J","Cutts","3542 Luke Lane","female","Fairview","OK","73737","US","580-227-1648","11/26/1950","uar2ug0aiGh"
"Eric","G","Mathis","504 Luke Lane","male","Enid","OK","73703","US","580-216-0978","2/19/1975","fav9pieth0B"
"Heather","G","Davis","2445 Dye Street","female","Tempe","AZ","85283","US","480-775-5887","4/23/1993","zee2Thie1"
"Candice","J","Barela","2266 East Avenue","female","Tempe","AZ","85282","US","480-329-2245","6/24/1978","ief1johJang"
"Sandra","W","Stach","3657 Crowfield Road","female","Phoenix","AZ","85012","US","602-851-3922","6/4/1958","eiv1Choh0"
"Armando","C","Gordon","1194 Clarksburg Park Road","male","Phoenix","AZ","85008","US","928-242-3817","9/19/1951","pho0yeiJai"
"Sharon","J","Scruggs","4419 Dogwood Lane","female","Tucson","AZ","85742","US","520-572-1947","1/8/1984","ohW4ajoh9qu"
"Keith","G","Isbell","360 Sugar Camp Road","male","New Richland","MN","56072","US","507-465-8538","10/25/1993","Quo0ais5"
"Roberta","C","Holder","3297 Hillcrest Circle","female","Plymouth","MN","55446","US","763-559-1534","8/26/1980","agheeV2k"
"Hazel","S","Yelton","1863 Ferrell Street","female","Wannaska","MN","56761","US","218-425-9380","12/3/1972","oofeDourei8u"
"Edna","E","Nichols","2826 Newton Street","female","St Cloud","MN","56301","US","320-291-7147","1/14/1974","EiCeeGh0"
"Christopher","S","Ellis","2312 Sugar Camp Road","male","Owatonna","MN","55060","US","507-568-7305","9/13/1985","naeGhe7m"
"Jim","E","Karlson","2551 Forest Drive","male","Arlington","VA","22206","US","703-933-2521","10/29/1953","ThohXii2oo"
"Madeline","R","Yu","809 Forest Drive","female","Herndon","VA","20170","US","703-904-4794","10/4/1964","sait8AhY2Ae"
"Linda","L","Brown","3229 Nelm Street","female","Beltsville","VA","20705","US","571-241-1673","8/16/1988","theQu3jae"
"Jesus","C","Lockhart","1217 Fleming Way","male","Petersburg","VA","23803","US","804-701-4172","5/27/1972","uoThoh7Die8"
"Maria","J","Sharp","3210 Eden Drive","female","Richmond","VA","23219","US","804-868-7893","3/21/1971","EiPh6aixoh"
"Betty","J","Murray","2244 Birch Street","female","Greenwood","IN","46142","US","317-888-8556","7/11/1962","cheep5Ahvuo6"
"Will","J","Meehan","4488 Winifred Way","male","Marion","IN","46953","US","765-674-6266","3/17/1963","ohyiu0Aeroo"
"Shari","D","Jefferies","132 Stewart Street","female","Indianapolis","IN","46204","US","317-756-2082","10/23/1974","eewooGhaed6"
"Deborah","D","Ford","206 Charack Road","female","Evansville","IN","47708","US","812-305-0677","8/28/1968","zooQu6oqu"
"Joshua","B","Hayes","2801 Villa Drive","male","Plymouth","IN","46563","US","574-551-0337","2/27/1976","roo8Ahgh7eZ"
"Cynthia","S","Brittain","3526 Don Jackson Lane","female","Honolulu","HI","96826","US","808-955-0973","5/19/1969","Ulai8Phae"
"Ellen","R","Eastman","2792 Don Jackson Lane","female","Honolulu","HI","96826","US","808-952-6327","2/16/1990","tiel3Ojah"
"Ivory","J","Childress","4034 Randall Drive","male","Princeville","HI","96722","US","808-826-3732","12/9/1972","taipei6AeDae"
"Sarah","P","Mills","4512 Arron Smith Drive","female","Honolulu","HI","96818","US","808-474-9668","12/12/1993","Aihaiwa8aZ"
"Keith","N","Johnson","4 Randall Drive","male","Princeville","HI","96722","US","808-827-4946","6/3/1973","tohT3paiNae"
"Connie","C","Bonilla","3074 Brookside Drive","female","York","AL","36925","US","205-392-0237","5/17/1962","EiW3Deij5"
"Erik","M","Brown","91 Ritter Street","male","Huntsville","AL","35802","US","256-248-5601","9/13/1989","Ku7ieCh2pha"
"Michael","R","Leone","1728 Maple Lane","male","Huntsville","AL","35801","US","256-512-1927","10/17/1986","uiyoo5Dei3"
"Lila","M","Davidson","2586 Marcus Street","female","Birmingham","AL","35209","US","256-596-2953","2/20/1981","ia6Pok1phae"
"Marta","D","Singer","2189 Retreat Avenue","female","Tuscaloosa","AL","35401","US","205-293-9052","1/7/1958","mohtoh5Ie"
"Adriana","F","Tejada","1227 Breezewood Court","female","Pretty Prairie","KS","67570","US","620-459-6885","1/1/1972","Wohb9ohDugh"
"Roberto","B","Coker","3075 Williams Lane","male","Wichita","KS","67214","US","316-640-2615","10/25/1966","Ies4ooKaquee"
"Robert","A","Shade","2921 Lake Forest Drive","male","Overland Park","KS","64110","US","913-940-5342","3/10/1994","aivaiT7yie"
"Amy","T","Lentz","1165 Williams Lane","female","Wichita","KS","67214","US","316-518-2097","10/12/1959","veevaesh3X"
"Iris","B","Angel","3432 Ocello Street","female","Ulysses","KS","67880","US","620-201-6777","4/10/1973","aiShee9Ru"
"Jacquelyn","L","Ward","707 August Lane","female","Alexandria","LA","71301","US","318-444-4477","4/9/1960","ohtuaZ6pae"
"Carlos","B","Melanson","1784 Norma Lane","male","Shreveport","LA","71101","US","318-554-7569","11/12/1974","chah0Aiyo9"
"Derek","M","Donoghue","1045 Coventry Court","male","Baton Rouge","LA","70815","US","225-773-6491","5/20/1971","Ahfaech3c"
"Manuel","E","Lisi","719 Sarah Drive","male","Breaux Bridge","LA","70517","US","337-507-8466","6/30/1959","Aid2yu9oc"
"Peter","S","Murillo","2303 Bridge Avenue","male","Jennings","LA","70546","US","337-616-8714","4/26/1985","ahKieye1"
"Susan","A","Strickland","2781 Ritter Avenue","female","Southfield","MI","48075","US","586-710-4929","4/14/1985","iegahkaiY6"
"Jeremy","D","Poteete","792 Robinson Court","male","Gladwin","MI","48624","US","989-426-1035","2/12/1984","oor1aigaS"
"Victor","M","Williams","1456 Robinson Court","male","Ashley","MI","48806","US","989-400-0301","2/23/1969","PieJe5wee7y"
"Kathrine","J","Cochran","3791 John Avenue","female","East Lansing","MI","48823","US","517-906-6747","12/1/1965","Eeh6Aing"
"Thomas","J","Tynes","1593 Corpening Drive","male","Southfield","MI","48075","US","248-453-6320","6/21/1982","ris9Eik3s"
"Robert","S","Galey","1442 Flanigan Oaks Drive","male","Gaithersburg","MD","20877","US","301-330-3550","6/26/1993","ahv8aPhie"
"Micheal","R","Dennis","1750 Marshall Street","male","Baltimore","MD","21229","US","410-646-5910","5/14/1973","ahjeip1N"
"Barbara","T","Pierre","413 Harron Drive","female","Baltimore","MD","21202","US","443-459-8250","6/9/1968","Lei0Phae6yae"
"Rebekah","R","Robinson","3053 Flanigan Oaks Drive","female","Rockville","MD","20850","US","301-309-8255","12/6/1961","Aiw8Oog4i"
"Karen","W","Stephens","4134 Blue Spruce Lane","female","Aberdeen","MD","21001","US","410-306-5115","12/15/1996","saht3eeKei"
"Rebecca","M","Amaya","1481 Nutters Barn Lane","female","Urbandale","IA","50322","US","515-770-3606","12/21/1961","mairohW8roS"
"Heather","T","Jennings","1738 Bailey Drive","female","Cantril","IA","52542","US","319-397-2444","8/1/1962","eiyae5sheiNg"
"Hector","M","Wilson","3089 Southern Avenue","male","Knoxville","IA","50138","US","641-218-2760","3/11/1980","ahR5Cie0"
"Jessica","L","Golding","785 Nutters Barn Lane","female","Fort Dodge","IA","50501","US","515-574-7935","12/1/1980","Giechu4keheng"
"Rea","H","Phillips","2317 Hazelwood Avenue","female","Ames","IA","50010","US","515-290-6742","7/6/1996","aivout3Ei"
"Bernadine","J","Dalton","449 Lake Floyd Circle","female","Newark","DE","19711","US","302-207-5396","4/13/1993","bohm5veeW"
"Alexander","A","Newman","2617 Maud Street","male","Philadelphia","DE","19103","US","302-754-6528","7/7/1975","faQuefee7"
"Ken","D","Fried","873 Callison Lane","male","Ocean View","DE","19970","US","302-541-9134","9/28/1982","Fee1Phamei"
"Mack","B","Compton","1417 Maud Street","male","Philadelphia","DE","19103","US","302-754-7325","6/22/1994","cah9Shi3"
"Patrick","R","Burns","90 Callison Lane","male","Wilmington","DE","19801","US","302-426-0739","9/9/1986","bah2uGhoi"
"Julie","J","Vanbrunt","642 Chandler Drive","female","Lamar","MO","64759","US","417-681-8451","11/1/1951","Xae3iezaogh"
"Ileana","T","Teague","3155 State Street","female","Saint Louis","MO","63101","US","314-206-6784","12/23/1994","uK6uxeer2ai"
"Justin","J","Phillips","2423 Davis Place","male","Vanzant","MO","65768","US","417-948-1144","11/5/1965","aiLeiquo5eu"
"Danny","D","Ray","1199 Harvest Lane","male","Kansas City","MO","64106","US","660-998-1102","5/3/1974","ax5uiFoosh"
"Paula","T","Raymond","3876 Chandler Drive","female","Jenkins","MO","65605","US","417-574-2322","3/9/1960","Ee6iefaJ9"
"Shizuko","C","Kappler","4897 Coffman Alley","female","Murray","KY","42071","US","270-767-4721","5/1/1955","huu6bu3Ph"
"Lesa","J","Hunter","4583 May Street","female","Winchester","KY","40391","US","606-253-7504","1/3/1962","Chal9eeNg"
"Ron","O","Morris","570 Gregory Lane","male","Louisville","KY","40202","US","502-568-4007","2/26/1971","iet3aiHeCh"
"Daniel","L","Reynolds","713 Harper Street","male","Battletown","KY","40104","US","270-497-6987","5/7/1975","Ham7shei8a"
"Scott","H","Jones","3899 Carson Street","male","Danville","KY","40422","US","859-236-7298","8/10/1953","shaeSh7U"
"Leonor","A","Burgess","2397 Snyder Avenue","female","Salisbury","NC","28144","US","704-639-8881","4/6/1956","hee3Phaicah"
"Tona","N","Bartholomew","336 Kelly Street","female","Charlotte","NC","28202","US","704-903-8133","7/10/1984","iew9ieGh4Fai"
"Michael","M","Rockwood","69 Harry Place","male","Kings Mountain","NC","28086","US","704-730-7612","10/26/1973","iXah8ahb1Sh"
"Ruth","N","Meeks","3247 Edwards Street","female","Snow Hill","NC","28580","US","252-653-6577","3/8/1993","niSoh0Jue"
"Theresa","L","Sutton","1116 Layman Avenue","female","Fayetteville","NC","28306","US","910-977-2253","8/20/1996","Ei1auSie1"
"Deborah","I","Mills","3576 Emily Drive","female","Columbia","SC","29201","US","803-821-3851","4/24/1955","foa4eeNg0En"
"Jake","S","Thompson","519 Wexford Way","male","Lexington","SC","29072","US","803-359-1931","7/30/1961","Shoofee2se"
"Scotty","D","Riney","1633 Brown Avenue","male","Easley","SC","29640","US","864-855-5492","7/28/1984","Oosh0yo2Ph"
"Robert","R","Thompson","609 Kessla Way","male","Conway","SC","29528","US","843-365-5866","4/2/1958","thioca3I"
"Owen","A","Savoy","3332 Traction Street","male","Greenville","SC","29601","US","864-494-2560","2/22/1997","eikeeRale8"
"Prince","J","Benson","4448 Center Street","male","Marcola","OR","97454","US","541-933-9960","12/18/1983","weij5Chac1y"
"Hilda","M","Taylor","3941 Illinois Avenue","female","Portland","OR","97236","US","503-762-3612","7/13/1962","ieJahwaeph4"
"Edward","E","Cosme","2437 Brooklyn Street","male","Eugene","OR","97401","US","541-243-7252","2/21/1961","zohShai3nao"
"Judy","M","Hulings","3455 Mattson Street","female","Salem","OR","97305","US","503-385-6642","1/12/1983","eceif1Wuach"
"Len","S","James","72 Sycamore Road","male","Pendleton","OR","97801","US","541-379-9348","9/26/1985","niav0Saingie"
"Sharon","D","Yates","2965 Mesa Drive","female","Las Vegas","NV","89101","US","702-387-7978","5/18/1964","Oi5OhwooD"
"Jason","K","Ryles","447 Sheila Lane","male","Reno","NV","89501","US","775-542-3819","4/2/1966","eethojaf5Ae"
"Jeannette","L","Miller","74 Mesa Drive","female","Las Vegas","NV","89101","US","702-353-4221","7/4/1969","bahw4Ahj"
"Michael","C","Griffith","693 Camden Street","male","Reno","NV","89512","US","775-302-5181","4/18/1987","oophee9Ao1"
"Wendy","J","Caballero","2 Martha Ellen Drive","female","Reno","NV","89501","US","775-686-3091","6/9/1957","tie4iSaen"
"Julie","D","Morillo","2676 Walnut Drive","female","Drayton","ND","58225","US","701-454-9552","8/21/1963","eiG6soGh"
"Joshua","M","Keo","447 Walnut Drive","male","Fargo","ND","58102","US","701-451-7962","5/19/1968","Dei3Ohf9ai"
"Jimmy","F","Berrios","2907 Hidden Meadow Drive","male","Gwinner","ND","58040","US","701-680-5759","8/2/1997","Fieruo3shi"
"James","G","Wolf","3935 Catherine Drive","male","Cando","ND","58324","US","701-303-5892","4/3/1967","rae1Oola"
"Rodney","N","Moran","1691 Findley Avenue","male","Pembina","ND","58271","US","701-825-1518","10/25/1971","uSh6coh9o"
"Andrew","N","Dixon","2237 Langtown Road","male","Toledo","OH","43609","US","567-238-9323","11/13/1995","ZooFobook3"
"Bessie","J","McDermott","1793 Irving Road","female","Saint Clairsville","OH","43950","US","740-509-1959","8/9/1959","ieh8ieMiid"
"Larry","V","Thompson","1901 Robinson Lane","male","Marion","OH","43302","US","740-389-2553","11/29/1950","Hu5aeDaesh"
"Doris","C","Bell","391 Collins Avenue","female","New Albany","OH","43054","US","614-855-0002","11/13/1955","ahWai5fai"
"Alissa","G","Cave","4924 Rogers Street","female","Cincinnati","OH","45229","US","513-584-0626","8/1/1988","kai6xahseiN"
"Mary","D","Townsend","3939 Andy Street","female","Forbes","SD","58439","US","605-358-0281","9/23/1969","xeoja2Ahcie"
"Mary","N","Lewis","4491 Elsie Drive","female","Claremont","SD","57432","US","605-294-5973","7/19/1986","iem8aeNoopee"
"Brian","M","Schenck","1890 Leroy Lane","male","Mitchell","SD","57301","US","605-996-5795","10/13/1957","Sha9nooth"
"Gary","K","Taranto","4015 Ryan Road","male","Vermillion","SD","57069","US","605-624-0975","7/20/1996","Wiedu7aeba7"
"Peter","R","Beal","1613 Hartway Street","male","Philip","SD","57567","US","605-859-9568","1/28/1985","USoo7phu7Pie"
"Maria","J","Sanger","1923 Lena Lane","female","Meridian","MS","39301","US","601-531-2757","3/31/1952","ieBaeph5sh"
"Mildred","R","Smith","4373 Lena Lane","female","Collins","MS","39428","US","601-489-7880","4/14/1973","eng6bieC"
"Thomas","H","Baker","4833 Tanglewood Road","male","Memphis","MS","38104","US","662-913-0160","11/8/1971","iNgoo2ei2"
"Kari","M","Farmer","647 Brownton Road","female","Jackson","MS","39213","US","662-419-8054","8/1/1954","ho0ohtuGh"
"Courtney","O","Collins","1653 Reppert Coal Road","female","Jackson","MS","39201","US","601-228-8197","7/20/1989","oCh6aiGah"
"Ron","S","Nemec","305 Selah Way","male","Brattleboro","VT","05301","US","802-612-5075","2/21/1989","aN2iepouy"
"Teresa","F","Bell","3865 Buck Drive","female","Brattleboro","VT","05301","US","802-217-3557","6/10/1966","Pheu6chae"
"Marlin","H","Hucks","2466 Essex Court","male","White River Junction","VT","05001","US","802-318-8375","1/20/1955","wohne2xahMu"
"Michelle","B","Purvis","3873 Duff Avenue","female","Hinesburg","VT","05461","US","802-482-4221","5/2/1958","ahphoTheGh9"
"James","J","Torres","4314 Hardman Road","male","Brattleboro","VT","05301","US","802-787-2262","11/3/1980","jee4ooYeeme"
"Andrea","J","Oneil","1403 North Avenue","female","Omaha","NE","68134","US","402-812-1408","7/31/1984","ahS8Seich8"
"Philip","B","Gibbons","1055 Kyle Street","male","Grand Island","NE","68801","US","308-384-3213","10/26/1996","quoh3AhXae"
"Dorothy","C","Premo","565 Bungalow Road","female","Omaha","NE","68102","US","402-979-9573","4/9/1972","meiwoo1Ahth"
"Jennifer","J","Gonzalez","2700 Commerce Boulevard","female","Omaha","NE","68132","US","402-561-7600","12/17/1952","teeZae3a"
"Mona","M","Thompson","4602 Rollins Road","female","Silver Creek","NE","68663","US","308-773-8446","2/3/1998","ojoDaa1R"
"Phillip","K","Jones","1030 Arbor Court","male","Wyola","WY","59089","US","307-341-1719","6/21/1952","ea3uiB1soo"
"Gregory","L","Bogle","3194 Archwood Avenue","male","Cheyenne","WY","82001","US","307-757-3351","5/8/1973","Shi4Jaesh3"
"Thomas","R","Williams","2038 Thorn Street","male","Cheyenne","WY","82003","US","307-677-6453","8/30/1966","mie4iQuai"
"Cathrine","N","Kay","4034 Arbor Court","female","Cheyenne","WY","82003","US","307-240-0707","4/25/1958","ieX4viwe"
"Millicent","K","Eddy","3612 Thorn Street","female","Mountain View","WY","82939","US","307-702-7096","9/2/1965","Eeze3yiez"
"Beatrice","M","Delarosa","2565 Richison Drive","female","Lolo","MT","59847","US","406-273-6006","11/22/1986","ooThahw5wuo"
"Michelle","J","Johnson","4920 Richison Drive","female","Glendive","MT","59330","US","406-359-6343","7/5/1991","oogoshoi6Ae"
"Darryl","L","Cooper","2318 Tibbs Avenue","male","Savage","MT","59262","US","406-776-7879","10/23/1955","aph1EeLing"
"Luke","C","Barker","1442 Coolidge Street","male","Havre","MT","59501","US","406-945-5810","3/29/1995","aHigiepe9ch"
"Woodrow","D","Kim","428 Masonic Drive","male","Butte","MT","59701","US","406-533-5028","9/10/1971","ooBiequohs0"
"Wendell","B","Carter","767 Clay Lick Road","male","Denver","CO","80239","US","720-629-7234","10/29/1978","hahlohHei0cei"
"Sherrie","D","Robertson","21 Snider Street","female","Lamar","CO","88083","US","719-940-9922","5/5/1962","hooGheefoo2ie"
"Travis","R","Hernandez","1980 McKinley Avenue","male","Lyons","CO","80540","US","303-823-2667","9/20/1962","ool6Phei"
"Joseph","D","Chung","3578 Roy Alley","male","Denver","CO","80202","US","303-867-7539","6/1/1987","Ag1aiK8geuv"
"Maria","J","Baxter","2984 Sweetwood Drive","female","Denver","CO","80220","US","303-393-4386","2/3/1967","Udoo7vuet0i"
"Bridget","P","Polizzi","458 Veltri Drive","female","Ketchikan","AK","99901","US","907-228-8780","10/14/1952","ohYeih3th"
"Scott","F","Noel","2133 Blackwell Street","male","Fort Richardson","AK","99505","US","907-384-2294","4/16/1988","aiKaph2T"
"Woodrow","A","Patterson","273 Jerry Toth Drive","male","Anchorage","AK","99515","US","907-522-3295","8/4/1975","goo0vaHie"
"David","H","Weber","2477 Jerry Toth Drive","male","Ninilchik","AK","99639","US","907-567-4223","7/30/1973","eiGh2aith6X"
"Leona","J","Kroger","4517 Veltri Drive","female","Anchorage","AK","99501","US","907-278-7330","4/24/1957","mei7Soghoom"
"Vivian","K","Stacey","4197 Passaic Street","female","Washington","DC","20016","US","202-282-1044","9/14/1953","gee3Quonee"
"Charles","M","Cane","1278 Massachusetts Avenue","male","Washington","DC","20036","US","202-736-7207","12/29/1997","yei4vae4EiW"
"Zena","M","Bradford","2448 Hickory Lane","female","Washington","DC","20200","US","202-445-3368","8/2/1959","Eishe5coh"
"Deborah","S","Byars","2630 Northwest Boulevard","female","Washington","DC","20024","US","202-226-1466","8/2/1964","CaiPheihuu5"
"Rodrigo","A","Gong","3128 Goldcliff Circle","male","Washington","DC","20024","US","202-586-5807","5/14/1987","siemae1ew0Ee"
"Terry","K","Wells","3700 Elliott Street","male","Wolfeboro","NH","03894","US","603-569-1303","5/14/1991","iezepe4eoM"
"Gloria","P","Gordan","2421 Grasselli Street","female","Nashua","NH","03060","US","603-371-7958","4/6/1992","uj1koh0OoR"
"Janet","M","Walker","3650 Elliott Street","female","Manchester","NH","03101","US","603-625-4618","1/19/1996","Shei1hiequ"
"Eric","F","Castillo","4167 Shearwood Forest Drive","male","Portsmouth","NH","03801","US","603-334-9882","11/4/1978","eit9OoThie"
"Kasey","E","Randall","1735 Elliott Street","female","Antrim","NH","03440","US","603-588-5416","2/18/1969","ucoh3AeTh4m"
"Mary","C","Holt","4664 Rosebud Avenue","female","Wilmar","AR","71675","US","870-469-1502","2/28/1972","fo6EeQu4ae"
"Sun","J","Woodyard","1686 Green Hill Road","female","Little Rock","AR","72201","US","479-385-9666","5/19/1979","ifaexoj7Togo"
"Marilyn","J","Boyd","4176 Cedar Street","female","Pine Bluff","AR","71601","US","870-788-1009","6/28/1955","Fahw8rahd"
"Ralph","M","Brumley","1166 Midway Road","male","Fort Smith","AR","72903","US","479-478-5437","7/14/1966","UpooJ3Ie"
"Fabian","M","Alford","1743 Green Hill Road","male","Fayetteville","AR","72701","US","479-305-4104","6/24/1961","Joo2aishar"
"Margie","B","Carson","1274 Seltice Way","female","Twin Falls","ID","83301","US","208-736-0620","1/27/1965","Chaib0tae"
"Mary","D","Robles","2183 Poplar Chase Lane","female","Boise","ID","83702","US","208-330-9611","5/4/1972","sheeYika4"
"James","H","Coulter","1423 Seltice Way","male","Salmon","ID","83467","US","208-756-1602","8/7/1957","uRoo0dahxah"
"Lisa","K","Landis","3965 Young Road","female","Kimberly","ID","83341","US","208-421-0068","1/13/1959","See0uug4zah"
"James","A","Sepulveda","2447 Seltice Way","male","Boise","ID","83702","US","208-757-2537","11/15/1996","ohW5eegouw"
"Mark","H","Hagen","4830 Winding Way","male","East Providence","RI","02914","US","401-677-0948","7/19/1979","eej6ooLahch"
"Candy","A","Whelchel","1384 Diamond Cove","female","Providence","RI","02904","US","401-323-3554","1/3/1984","ieghiy8Oz7"
"Robert","K","Stevenson","1882 Winding Way","male","Providence","RI","02903","US","401-628-6910","11/2/1960","Ithoh8viePh"
"Douglas","K","Henn","3431 Myra Street","male","Providence","RI","02903","US","401-471-8834","10/15/1995","poada8Bae"
"Shantell","M","Hamilton","3439 Winding Way","female","North Kingstown","RI","02852","US","401-578-1620","11/27/1956","mohtaap7Thi"
"Patricia","R","Stratton","495 Chapmans Lane","female","Belen","NM","87002","US","505-861-9877","12/9/1981","geil7fooJe"
"Julia","B","Arnold","1954 Westfall Avenue","female","Albuquerque","NM","87109","US","505-941-2303","4/15/1987","jah7aagh9Ah"
"Jeffrey","P","Wright","4384 Chapmans Lane","male","Los Lunas","NM","87031","US","505-865-4981","3/2/1987","Shae1aoGh8qu"
"Heather","M","Hoffmann","3827 Westfall Avenue","female","Santa Fe","NM","87501","US","505-955-2880","7/12/1993","WahgoT1r"
"Jerry","J","Reyes","3951 Bird Street","male","Albuquerque","NM","87109","US","505-563-9607","12/8/1951","Phaik5Jeib"
"Josephine","M","Ward","4334 Columbia Mine Road","female","New Cumberland","WV","26047","US","304-564-3460","7/5/1967","ohch1raiLoo"
"Brandon","J","Satter","2902 Tavern Place","male","Inwood","WV","25428","US","304-229-6416","10/5/1962","UNai5Enaevee"
"Carol","L","Lowe","1027 Fulton Street","female","Blacksville","WV","26589","US","304-432-9024","2/20/1985","Die4wee7ph"
"April","J","Brown","92 Augusta Park","female","Maysville","WV","26833","US","304-749-8254","4/20/1989","eeGhei8du"
"Kristen","C","Taylor","219 Tavern Place","female","New Martinsville","WV","26155","US","304-230-9498","7/31/1997","aipahQuaen2"
